LastName,FirstName,FullName
SCHIAVI,MONTE,"SCHIAVI, MONTE"
SHUCK,ANTON,"SHUCK, ANTON"
CONSOLINI,CHADWICK,"CONSOLINI, CHADWICK"
VALLANGEON,ROD,"VALLANGEON, ROD"
MATHEW,CHONG,"MATHEW, CHONG"
DULAN,CHANG,"DULAN, CHANG"
NANSTEEL,ISAIAS,"NANSTEEL, ISAIAS"
RINDERLE,MYRON,"RINDERLE, MYRON"
APPLEBERRY,ALDEN,"APPLEBERRY, ALDEN"
AULD,JEFFREY,"AULD, JEFFREY"
SAVITSKY,HUEY,"SAVITSKY, HUEY"
BRIMFIELD,MIQUEL,"BRIMFIELD, MIQUEL"
OTSU,JODY,"OTSU, JODY"
HEILBRUN,DAN,"HEILBRUN, DAN"
HETTRICK,VITO,"HETTRICK, VITO"
SCHAUWECKER,KURTIS,"SCHAUWECKER, KURTIS"
BASLEY,FRANK,"BASLEY, FRANK"
LAYDEN,TUAN,"LAYDEN, TUAN"
GUTMAN,PABLO,"GUTMAN, PABLO"
HERKSTROETER,LUIS,"HERKSTROETER, LUIS"
DERDERIAN,HOMER,"DERDERIAN, HOMER"
LEMA,FREDERICK,"LEMA, FREDERICK"
REIER,BENEDICT,"REIER, BENEDICT"
SERRIN,DEON,"SERRIN, DEON"
LAURIANO,ARNOLDO,"LAURIANO, ARNOLDO"
STINNER,STEVIE,"STINNER, STEVIE"
MUMMEY,BRYON,"MUMMEY, BRYON"
SHEHAN,TEODORO,"SHEHAN, TEODORO"
OLAFSON,SHIRLEY,"OLAFSON, SHIRLEY"
HOITT,MARCELO,"HOITT, MARCELO"
WATANABE,HIRAM,"WATANABE, HIRAM"
ALMARAS,WALLACE,"ALMARAS, WALLACE"
MORISKY,ORVILLE,"MORISKY, ORVILLE"
AIKENS,SAMUAL,"AIKENS, SAMUAL"
KLOTZBACH,AUGUSTINE,"KLOTZBACH, AUGUSTINE"
ASHPOLE,HASSAN,"ASHPOLE, HASSAN"
ELLENBECKER,JORGE,"ELLENBECKER, JORGE"
ROPES,YOUNG,"ROPES, YOUNG"
CHARLES,JEROLD,"CHARLES, JEROLD"
COPLAN,CLIFF,"COPLAN, CLIFF"
SESSION,KERRY,"SESSION, KERRY"
LENTS,HUGO,"LENTS, HUGO"
LOZADA,SIMON,"LOZADA, SIMON"
BIELAK,CLIFF,"BIELAK, CLIFF"
EICHSTEDT,FRANCIS,"EICHSTEDT, FRANCIS"
CHOUDHURY,RUSS,"CHOUDHURY, RUSS"
GOVIA,MARION,"GOVIA, MARION"
DRAPPO,DONNIE,"DRAPPO, DONNIE"
STEINKUEHLER,REFUGIO,"STEINKUEHLER, REFUGIO"
HEYDEN,BRICE,"HEYDEN, BRICE"
BOGLIOLI,ARNOLD,"BOGLIOLI, ARNOLD"
BATCHELDER,MAN,"BATCHELDER, MAN"
PEROT,DREW,"PEROT, DREW"
LANDRON,CHARLEY,"LANDRON, CHARLEY"
MANSBACH,FELIX,"MANSBACH, FELIX"
ORION,VINCE,"ORION, VINCE"
URIOSTEGUI,ELDON,"URIOSTEGUI, ELDON"
SHASKE,JERMAINE,"SHASKE, JERMAINE"
MCCLOY,TIMMY,"MCCLOY, TIMMY"
HAMMERLY,FRANKIE,"HAMMERLY, FRANKIE"
WILLERT,MANUAL,"WILLERT, MANUAL"
CHU,MERLIN,"CHU, MERLIN"
BAERG,REED,"BAERG, REED"
AROCHA,DARWIN,"AROCHA, DARWIN"
EQUILS,EZRA,"EQUILS, EZRA"
KYNARD,LON,"KYNARD, LON"
PRECYTHE,LACY,"PRECYTHE, LACY"
MCGARRY,RAFAEL,"MCGARRY, RAFAEL"
GAYTON,ANTOINE,"GAYTON, ANTOINE"
CANNADY,CARROL,"CANNADY, CARROL"
WOLFARD,TRENTON,"WOLFARD, TRENTON"
COURCHENE,ANTONIO,"COURCHENE, ANTONIO"
MENDIVEL,KENTON,"MENDIVEL, KENTON"
GRONBERG,SANG,"GRONBERG, SANG"
LIGGONS,TOMAS,"LIGGONS, TOMAS"
CHOINSKI,KIP,"CHOINSKI, KIP"
NICEWONGER,EMERY,"NICEWONGER, EMERY"
CRISTIANO,FERDINAND,"CRISTIANO, FERDINAND"
PHILIPS,MARCEL,"PHILIPS, MARCEL"
FARBER,SHAUN,"FARBER, SHAUN"
PURSLOW,PRINCE,"PURSLOW, PRINCE"
HEIKKILA,DEXTER,"HEIKKILA, DEXTER"
KLEEN,DUDLEY,"KLEEN, DUDLEY"
BRANOT,STANFORD,"BRANOT, STANFORD"
EBLIN,DAMIEN,"EBLIN, DAMIEN"
GAGARIN,BEAU,"GAGARIN, BEAU"
SEBESTA,CARSON,"SEBESTA, CARSON"
CAPERON,PEDRO,"CAPERON, PEDRO"
GOUCHER,KEENAN,"GOUCHER, KEENAN"
VOGE,RICO,"VOGE, RICO"
PERALTA,DYLAN,"PERALTA, DYLAN"
MALDONADO,ABEL,"MALDONADO, ABEL"
RICKETT,BLAIR,"RICKETT, BLAIR"
ALBARADO,HECTOR,"ALBARADO, HECTOR"
VIRKLER,AMADO,"VIRKLER, AMADO"
GABISI,RAY,"GABISI, RAY"
ZARETSKY,JEAN,"ZARETSKY, JEAN"
DUVALL,MERLIN,"DUVALL, MERLIN"
SITAR,WILLY,"SITAR, WILLY"
VANDERLAAN,DONALD,"VANDERLAAN, DONALD"
SEABERRY,TIA,"SEABERRY, TIA"
GARRIGA,BEATRIS,"GARRIGA, BEATRIS"
CANTERO,JOLANDA,"CANTERO, JOLANDA"
BUSKOHL,LETISHA,"BUSKOHL, LETISHA"
BUTAUD,KIM,"BUTAUD, KIM"
NEWSON,GENEVIEVE,"NEWSON, GENEVIEVE"
CALDERA,LORINA,"CALDERA, LORINA"
PLOETZ,TOSHIA,"PLOETZ, TOSHIA"
SHEFFIELD,DELPHA,"SHEFFIELD, DELPHA"
ENGER,GENESIS,"ENGER, GENESIS"
SKILLAN,VERNETTA,"SKILLAN, VERNETTA"
GUNZELMAN,INDIA,"GUNZELMAN, INDIA"
MALICDEM,JANNET,"MALICDEM, JANNET"
BUHITE,JADA,"BUHITE, JADA"
ROCHELL,DEON,"ROCHELL, DEON"
SOLA,LAVINIA,"SOLA, LAVINIA"
MIDYETT,ANASTACIA,"MIDYETT, ANASTACIA"
KEVORKIAN,NUBIA,"KEVORKIAN, NUBIA"
HARTON,NICKOLE,"HARTON, NICKOLE"
ROJEK,STEFANY,"ROJEK, STEFANY"
CASSARO,TORRI,"CASSARO, TORRI"
PARRIOTT,DORETHA,"PARRIOTT, DORETHA"
KRAMPITZ,SIGNE,"KRAMPITZ, SIGNE"
PHANN,GEORGINE,"PHANN, GEORGINE"
RUDGERS,TIANA,"RUDGERS, TIANA"
SIERER,EMIKO,"SIERER, EMIKO"
GOSSON,CIARA,"GOSSON, CIARA"
LEYTON,ARNITA,"LEYTON, ARNITA"
RIMMER,TOBI,"RIMMER, TOBI"
CHENEY,CHERIE,"CHENEY, CHERIE"
MONT,CHIQUITA,"MONT, CHIQUITA"
GOULARTE,REBBECA,"GOULARTE, REBBECA"
PROSCH,PENNIE,"PROSCH, PENNIE"
BELLEFONTAINE,BILLYE,"BELLEFONTAINE, BILLYE"
TUTTERROW,JACKQUELINE,"TUTTERROW, JACKQUELINE"
SHERRANGE,REGINA,"SHERRANGE, REGINA"
DEHLINGER,ROSANN,"DEHLINGER, ROSANN"
OCCHINO,LAVINIA,"OCCHINO, LAVINIA"
BLANKEN,REMONA,"BLANKEN, REMONA"
TANGABEKYAN,HELENE,"TANGABEKYAN, HELENE"
MESKILL,ZANA,"MESKILL, ZANA"
PROBASCO,DORLA,"PROBASCO, DORLA"
FLATTEN,MAYE,"FLATTEN, MAYE"
HILTNER,WILLIE,"HILTNER, WILLIE"
BARNE,YESSENIA,"BARNE, YESSENIA"
PERRIOTT,JAZMINE,"PERRIOTT, JAZMINE"
FIQUEROA,MARLEN,"FIQUEROA, MARLEN"
WILLINGHURST,KENDRA,"WILLINGHURST, KENDRA"
KAMIN,CLAUDE,"KAMIN, CLAUDE"
JEANMARD,ROMAINE,"JEANMARD, ROMAINE"
DERER,BERNEICE,"DERER, BERNEICE"
DAYS,SYNTHIA,"DAYS, SYNTHIA"
PITTA,LENNA,"PITTA, LENNA"
BREDEN,ELENORE,"BREDEN, ELENORE"
LEHRER,LETHA,"LEHRER, LETHA"
CALVENT,EUN,"CALVENT, EUN"
CHIMENTI,ILENE,"CHIMENTI, ILENE"
PITTARD,DARLENA,"PITTARD, DARLENA"
ONEALE,ZOE,"ONEALE, ZOE"
LONGWAY,ELISHA,"LONGWAY, ELISHA"
ROQUEMORE,ELEONORE,"ROQUEMORE, ELEONORE"
JAROSZ,GREGORIA,"JAROSZ, GREGORIA"
NIEDZWIEDZ,KYLE,"NIEDZWIEDZ, KYLE"
STRICKLEN,EDDA,"STRICKLEN, EDDA"
PEETS,JON,"PEETS, JON"
SITTS,ARTHUR,"SITTS, ARTHUR"
CARLEY,DARCEL,"CARLEY, DARCEL"
KEEHAN,ADELLA,"KEEHAN, ADELLA"
DENO,NILSA,"DENO, NILSA"
VISAGE,VASHTI,"VISAGE, VASHTI"
MANSO,ADELE,"MANSO, ADELE"
ZAGEN,ARDELLE,"ZAGEN, ARDELLE"
PORST,HILMA,"PORST, HILMA"
KAMINER,JACKI,"KAMINER, JACKI"
NORLIEN,CORLISS,"NORLIEN, CORLISS"
COBERT,FELICE,"COBERT, FELICE"
DUDAK,SCOTT,"DUDAK, SCOTT"
GEVORKYAN,BEULA,"GEVORKYAN, BEULA"
SWILLING,TYRA,"SWILLING, TYRA"
ROTHENBACH,MARICA,"ROTHENBACH, MARICA"
MALANAPHY,KENISHA,"MALANAPHY, KENISHA"
LENORT,DELORIS,"LENORT, DELORIS"
MILEHAM,SHAVON,"MILEHAM, SHAVON"
BURLEY,SERENA,"BURLEY, SERENA"
JUILFS,VIRGIL,"JUILFS, VIRGIL"
VICOY,CHARLIE,"VICOY, CHARLIE"
MARCEAUX,GEORGIA,"MARCEAUX, GEORGIA"
COGER,VALENCIA,"COGER, VALENCIA"
MANOR,JAN,"MANOR, JAN"
AQUAS,ARMANDINA,"AQUAS, ARMANDINA"
VANECK,CATHLEEN,"VANECK, CATHLEEN"
KAZABI,ANNEMARIE,"KAZABI, ANNEMARIE"
ABNER,SHANELL,"ABNER, SHANELL"
OVERMAN,SABRA,"OVERMAN, SABRA"
SHACKLEFORD,CHANELL,"SHACKLEFORD, CHANELL"
MACARTNEY,KAYLENE,"MACARTNEY, KAYLENE"
ROTHBART,JOSELYN,"ROTHBART, JOSELYN"
TALL,NAKITA,"TALL, NAKITA"
MARTELLARO,SARAI,"MARTELLARO, SARAI"